Headline,Link
"E-Paper | March 27, 2025",https://epaper.dawn.com
End of live blog for elections 2024,https://www.dawn.com/live/elections-2024#1822566
Scrutiny concludes for nomination papers of 48 Senate seats,https://www.dawn.com/live/elections-2024#1822564
ECP notifies Mahmood Khan as PTI-P chairman,https://www.dawn.com/live/elections-2024#1822561
Only drinking water available amid unprecedented shortage,https://www.dawn.com/news/1900568/only-drinking-water-available-amid-unprecedented-shortage
5 killed by armed men blocking highway in Balochistan,https://www.dawn.com/news/1900559
Hamas spokesperson Qanoua killed in Israeli airstrike on Gaza: local media,https://www.dawn.com/live/gaza-invasion
Council of Islamic Ideology comes out against SC verdict in polygamy case,https://www.dawn.com/news/1900570/council-of-islamic-ideology-comes-out-against-sc-verdict-in-polygamy-case
Pakistani entities linked to China face US curbs,https://www.dawn.com/news/1900546/pakistani-entities-linked-to-china-face-us-curbs
Govt approves relief for power consumers after renegotiating with IPPs,https://www.dawn.com/news/1900571#:~:text=The%20cabinet%20also%20decided%20to%20provide%20relief%20to%20power%20consumers
Carbon levy on the cards after IMF funding secured,https://www.dawn.com/news/1900572/carbon-levy-on-the-cards-after-imf-funding-secured
Magazine publishes Yemen chats after official denials,https://www.dawn.com/news/1900541/magazine-publishes-yemen-chats-after-official-denials
"Armaghan earned Rs17bn through phishing  scams in three years, NA body told",https://www.dawn.com/news/1900522/armaghan-earned-rs17bn-through-phishing-scams-in-three-years-na-body-told
24 ex-lawmakers ineligible to contest polls,https://www.dawn.com/news/1900560/24-ex-lawmakers-ineligible-to-contest-polls
US and South Africa Relations Hit Breaking Point—Here’s Why It Matters,https://www.youtube.com/watch?v=PTG10vZBzF8
Pakistan’s Stressed Rivers And Dying Farmlands,https://www.youtube.com/watch?v=Anb29ufEWAA
Why Is Musk Suing Modi Govt?,https://www.youtube.com/watch?v=72SVsXf_VIg
Exclusive: How Mustafa Amir Case Investigation Unfolded,https://www.youtube.com/watch?v=PsN5qGFRp7w
Challenges To Industrial Growth In Pakistan,https://www.youtube.com/watch?v=aDkSURjYiKA
What’s Behind the Massive Protests in Turkiye?,https://www.youtube.com/watch?v=t89EfTShNjQ
Climate Disasters Cost $4.3 Trillion Globally,https://www.youtube.com/watch?v=iQWzDoe72oQ
Editorial: Hard-won macroeconomic stability is only a short distance away from deeper crisis,https://www.dawn.com/news/1900579
Taxpayers and power consumers are not lambs to be fleeced at will,https://www.dawn.com/news/1900582
Method behind Fatemi’s flurry of meetings in Washington,https://www.dawn.com/news/1900569
How can Pakistan cope with the emergent new world order?,https://www.dawn.com/news/1900583
Homeward journey stirs up train travellers’ excitement in Karachi,https://www.dawn.com/news/1900525/homeward-journey-stirs-up-train-travellers-excitement-in-karachi
No Other Land’s Israeli director says Academy Awards declined to publicly support Palestinian co-director,https://images.dawn.com/news/1193430/no-other-lands-israeli-director-says-academy-awards-declined-to-publicly-support-palestinian-co-director
Editorial: Pakistan should continue to highlight that terrorists on Afghan soil stand in the way of trade ties,https://www.dawn.com/news/1900412
Fact check: Video doesn’t show anchor confronting PM Shehbaz about funding Umrah for 30-member delegation,https://www.dawn.com/news/1900242/fact-check-video-doesnt-show-anchor-confronting-pm-shehbaz-about-funding-umrah-for-30-member-delegation
The cost of silence on menstruation,https://www.dawn.com/news/1899609/the-cost-of-silence-on-menstruation
Fact-check: Viral image of Indian filmmaker Rathna Kumar holding anti-Aurangzeb placard is edited,https://images.dawn.com/news/1193429/fact-check-viral-image-of-indian-filmmaker-rathna-kumar-holding-anti-aurangzeb-placard-is-edited
Review: Adolescence is a masterful investigation of misogyny,https://images.dawn.com/news/1193426/review-adolescence-is-a-masterful-investigation-of-misogyny
US and South Africa Relations Hit Breaking Point—Here’s Why It Matters,https://www.youtube.com/watch?v=PTG10vZBzF8
Pakistan’s Stressed Rivers And Dying Farmlands,https://www.youtube.com/watch?v=Anb29ufEWAA
Why Is Musk Suing Modi Govt?,https://www.youtube.com/watch?v=72SVsXf_VIg
Exclusive: How Mustafa Amir Case Investigation Unfolded,https://www.youtube.com/watch?v=PsN5qGFRp7w
Challenges To Industrial Growth In Pakistan,https://www.youtube.com/watch?v=aDkSURjYiKA
What’s Behind the Massive Protests in Turkiye?,https://www.youtube.com/watch?v=t89EfTShNjQ
Climate Disasters Cost $4.3 Trillion Globally,https://www.youtube.com/watch?v=iQWzDoe72oQ
Sponsored,https://www.dawn.com/sponsor-content
Stepwell in Fruit Park,https://www.dawn.com/news/1898707/stepwell-in-fruit-park
"Central Bank grants an in-principle approval to PaySa to launch as an EMI, reinforcing its commitment to Pakistan’s digitalisation",https://www.dawn.com/news/1899383/central-bank-grants-an-in-principle-approval-to-paysa-to-launch-as-an-emi-reinforcing-its-commitment-to-pakistans-digitalisation
Zero Lifestyle redefines Pakistan’s wearable tech landscape,https://www.dawn.com/news/1898957/zero-lifestyle-redefines-pakistans-wearable-tech-landscape
Lucky Irani Circus: The show goes on,https://www.dawn.com/news/1899651
"YouTuber Rajab Butt booked under blasphemy, Peca laws over ‘religious stir’ caused by perfume launch",https://www.dawn.com/news/1900267/youtuber-rajab-butt-booked-under-blasphemy-peca-laws-over-religious-stir-caused-by-perfume-launch
"Cartoon: 26 March, 2025",https://www.dawn.com/news/1900321/cartoon-26-march-2025
"PM Shehbaz commends team, nation for unlocking IMF deal, new $1.3bn climate fund",https://www.dawn.com/news/1900322/pm-shehbaz-commends-team-nation-for-unlocking-imf-deal-new-13bn-climate-fund
Bill seeking sanctions on Pakistani officials lands in US Congress,https://www.dawn.com/news/1900312/bill-seeking-sanctions-on-pakistani-officials-lands-in-us-congress
A predator state,https://www.dawn.com/news/1900408/a-predator-state
New world order,https://www.dawn.com/news/1900583/new-world-order
Fleecing lambs,https://www.dawn.com/news/1900582/fleecing-lambs
Via imperia,https://www.dawn.com/news/1900581/via-imperia
Classroom reflections,https://www.dawn.com/news/1900580/classroom-reflections
A predator state,https://www.dawn.com/news/1900408/a-predator-state
Some progress,https://www.dawn.com/news/1900579/some-progress
Time to talk,https://www.dawn.com/news/1900575/time-to-talk
Black Sea truce,https://www.dawn.com/news/1900574/black-sea-truce
"Hard state, soft state",https://www.dawn.com/news/1900186/hard-state-soft-state
The view from Aurangzeb’s grave,https://www.dawn.com/news/1900185/the-view-from-aurangzebs-grave
Frozen relations,https://www.dawn.com/news/1899989/frozen-relations
Not banks alone,https://www.dawn.com/news/1900184/not-banks-alone
Hidden horrors,https://www.dawn.com/news/1899988/hidden-horrors
Unequal music,https://www.dawn.com/news/1900183/unequal-music
Carbon levy on the cards after IMF funding secured,https://www.dawn.com/news/1900572/carbon-levy-on-the-cards-after-imf-funding-secured
Govt approves relief for power consumers after renegotiating with IPPs,https://www.dawn.com/news/1900571#:~:text=The%20cabinet%20also%20decided%20to%20provide%20relief%20to%20power%20consumers
Govt decides to consult all stakeholders on net metering policy after backlash,https://www.dawn.com/news/1900483/govt-decides-to-consult-all-stakeholders-on-net-metering-policy-after-backlash
"Pakistan’s economy grew 1.73pc in 2nd quarter, says govt",https://www.dawn.com/news/1900447/pakistans-economy-grew-173pc-in-2nd-quarter-says-govt
"PM Shehbaz commends team, nation for unlocking IMF deal, new $1.3bn climate fund",https://www.dawn.com/news/1900322/pm-shehbaz-commends-team-nation-for-unlocking-imf-deal-new-13bn-climate-fund
Denmark’s $2bn investment to boost Pakistan’s port sector: maritime minister,https://www.dawn.com/news/1900473/denmarks-2bn-investment-to-boost-pakistans-port-sector-maritime-minister
Hosts Pakistan announce squad for ICC Women’s World Cup qualifier next month,https://www.dawn.com/news/1900440/hosts-pakistan-announce-squad-for-icc-womens-world-cup-qualifier-next-month
Seifert blitz as New Zealand crush Pakistan to win T20 series 4-1,https://www.dawn.com/news/1900432/seifert-blitz-as-new-zealand-crush-pakistan-to-win-t20-series-4-1
Bangladesh cricketer Tamim thanks fans after heart attack,https://www.dawn.com/news/1900442/bangladesh-cricketer-tamim-thanks-fans-after-heart-attack
"Peshawar, Lahore Blues make semis in National T20 Cup",https://www.dawn.com/news/1900342/peshawar-lahore-blues-make-semis-in-national-t20-cup
"Italy minister hopes Russians could join 2026 Olympics, after war",https://www.dawn.com/news/1900336/italy-minister-hopes-russians-could-join-2026-olympics-after-war
National Games to be held in Karachi from May 1: Sindh sports minister,https://www.dawn.com/news/1900263/national-games-to-be-held-in-karachi-from-may-1-sindh-sports-minister
Pakistani entities linked to China face US curbs,https://www.dawn.com/news/1900546/pakistani-entities-linked-to-china-face-us-curbs
Houthis say US carried out 19 strikes in Yemen,https://www.dawn.com/news/1900554/houthis-say-us-carried-out-19-strikes-in-yemen
Amnesty urges Pakistan not to expel Afghans,https://www.dawn.com/news/1900544/amnesty-urges-pakistan-not-to-expel-afghans
Hamas spokesperson Qanoua killed in Israeli airstrike on Gaza: local media,https://www.dawn.com/live/gaza-invasion
Magazine publishes Yemen chats after official denials,https://www.dawn.com/news/1900541/magazine-publishes-yemen-chats-after-official-denials
"Prisoners to return ‘in coffins’ if Israel uses force, Hamas warns",https://www.dawn.com/news/1900550/prisoners-to-return-in-coffins-if-israel-uses-force-hamas-warns
No Other Land’s Israeli director says Academy Awards declined to publicly support Palestinian co-director,https://images.dawn.com/news/1193430/no-other-lands-israeli-director-says-academy-awards-declined-to-publicly-support-palestinian-co-director
Fact-check: Viral image of Indian filmmaker Rathna Kumar holding anti-Aurangzeb placard is edited,https://images.dawn.com/news/1193429/fact-check-viral-image-of-indian-filmmaker-rathna-kumar-holding-anti-aurangzeb-placard-is-edited
Multan Sultans’ Ali Tareen slams PSL for letting ‘same middle-aged dude’ helm its official anthem,https://images.dawn.com/news/1193428/multan-sultans-ali-tareen-slams-psl-for-letting-same-middle-aged-dude-helm-its-official-anthem
The cost of silence on menstruation,https://www.dawn.com/news/1899609/the-cost-of-silence-on-menstruation
"BYC protest, section 144 and Karachi",https://www.dawn.com/news/1900069/byc-protest-section-144-and-karachi
Net-metering saga: Much ado about the 0.83 per cent,https://www.dawn.com/news/1899873/net-metering-saga-much-ado-about-the-083-per-cent
Govt decides to consult all stakeholders on net metering policy after backlash,https://www.dawn.com/news/1900483/govt-decides-to-consult-all-stakeholders-on-net-metering-policy-after-backlash
Journalist Waheed Murad sent on 2-day physical remand by Islamabad court for posting ‘intimidating content’,https://www.dawn.com/news/1900431/journalist-waheed-murad-sent-on-2-day-physical-remand-by-islamabad-court-for-posting-intimidating-content
SpaceX rocket fuel makes stunning swirl in European sky,https://www.dawn.com/news/1900397/spacex-rocket-fuel-makes-stunning-swirl-in-european-sky
THE SHOW GOES ON,https://www.dawn.com/news/1899651/the-show-goes-on
VOLLEYBALL: THE NEW RAMAZAN SPIKE,https://www.dawn.com/news/1899649/volleyball-the-new-ramazan-spike
WORLD: THE NEW WORLD DISORDER,https://www.dawn.com/news/1899650/world-the-new-world-disorder
FLASHBACK: THE BIRTH OF PAKISTAN IN FILMS,https://www.dawn.com/news/1899815/flashback-the-birth-of-pakistan-in-films
SOUNDSCAPE: RADIOHEAD’S THE BENDS AT 30,https://www.dawn.com/news/1899814/soundscape-radioheads-the-bends-at-30
THE GRAPEVINE,https://www.dawn.com/news/1899813/the-grapevine
COMPANY NEWS,https://www.dawn.com/news/1899781/company-news
CORPORATE WINDOW: Addressing efforts against sugar mafia,https://www.dawn.com/news/1899780/corporate-window-addressing-efforts-against-sugar-mafia
The act of giving,https://www.dawn.com/news/1899779/the-act-of-giving
Stepwell in Fruit Park,https://www.dawn.com/news/1898707/stepwell-in-fruit-park
"Beyond reactions, the power of tolerance",https://www.dawn.com/news/1899506/beyond-reactions-the-power-of-tolerance
Mailbox,https://www.dawn.com/news/1899505/mailbox
"Sifting through the good, the bad and the ugly of Urdu slang and colloquialism is an uphill task",https://aurora.dawn.com/news/1145422/lassan-kaddu-and-tera-bhai
"Honouring Javed Jabbar, Sana Hashwani & Safinaz Muneer and Muneeza Shamsie",https://aurora.dawn.com/news/1145449/
Gone are the days of going to record stores to listen to albums,https://aurora.dawn.com/news/1145429/
2025 Zhongguancun Forum opens in Beijing,https://www.chinadaily.com.cn/a/202503/27/WS67e4bb8ca3101d4e4dc2b248.html
Buddha’s gaze into eternity,https://www.chinadaily.com.cn/a/202503/27/WS67e49788a3101d4e4dc2b125.html
Pursuit of a polyphonic world,https://www.chinadaily.com.cn/a/202503/27/WS67e49956a3101d4e4dc2b13d.html
2025 Zhongguancun Forum opens in Beijing,https://www.chinadaily.com.cn/a/202503/27/WS67e4bb8ca3101d4e4dc2b248.html
Buddha’s gaze into eternity,https://www.chinadaily.com.cn/a/202503/27/WS67e49788a3101d4e4dc2b125.html
Pursuit of a polyphonic world,https://www.chinadaily.com.cn/a/202503/27/WS67e49956a3101d4e4dc2b13d.html
